1.0344252999999997,0
2.829747,0
3.8341676000000002,0
4.8502618,1
5.8559567999999995,2
6.862292799999999,4
7.861255499999999,5
8.8602239,7
9.8683385,9
10.874818999999999,12
11.8911436,15
12.897651999999999,18
13.9063888,21
14.922531699999999,24
15.9326137,27
16.9476015,30
17.967920600000003,33
18.966370700000002,36
19.9674076,39
20.9731676,42
21.9742986,45
22.9977726,48
24.0357606,52
25.044529800000003,54
26.0428654,58
27.048396,60
28.046983100000002,64
29.054082400000002,66
30.080209800000002,70
31.090132900000004,72
32.1064708,76
33.1232684,78
34.1275543,82
35.119372,84
36.124011599999996,88
37.1276065,90
38.129423599999996,94
39.1514588,96
40.171957299999995,100
41.1697899,102
42.187235,106
43.1825171,109
44.1846916,112
45.183454499999996,115
46.192582699999996,118
47.2123673,121
48.230436499999996,124
49.233141599999996,127
50.235134099999996,130
51.237071,133
52.2399469,136
53.261308,139
54.277032999999996,142
55.2873178,145
56.3079482,148
57.316657199999995,151
58.336153499999995,154
59.3468543,157
60.350446299999994,160
61.364341499999995,164
62.3823749,166
63.3901984,170
64.4089743,172
65.403864,176
66.3965029,178
67.4035274,182
68.4197507,184
69.4229939,188
70.4366148,190
71.4393267,194
72.4468923,196
73.4557009,200
74.4627928,202
75.4735832,206
76.4802654,208
77.4817584,212
78.4914491,214
79.5028517,218
80.5350404,220
81.5377256,224
82.5627007,227
83.5707667,230
84.5782889,233
85.5878518,236
86.5932263,239
87.6284956,242
88.6221168,245
89.63121869999999,248
90.6491587,251
91.675605,254
92.6875656,257
93.69232149999999,260
94.7032013,263
95.7000673,266
96.7051977,269
97.7051563,272
98.70254369999999,275
99.7032186,278
100.70921969999999,281
101.7174472,284
102.7181038,287
103.7342338,290
104.7285418,293
105.74211199999999,296
106.76486,299
107.7802224,302
108.7793375,305
109.7980516,308
110.7941724,311
111.79844059999999,314
112.8025564,317
113.8280255,320
114.83305659999999,324
115.8372773,326
116.8550956,330
117.86189949999999,333
118.87311799999999,336
119.865224,339
120.8831575,342
121.887453,345
122.9001731,348
123.90384089999999,351
124.908385,354
125.9065273,357
126.90626079999998,360
127.92011589999998,363
128.92212419999998,366
129.9320423,369
130.9467222,372
131.9480179,375
132.94494269999998,378
133.9591553,381
134.9751836,384
135.9897721,388
136.9974297,390
137.9899015,394
139.0054353,396
140.0224764,400
141.0368471,402
142.05120349999999,406
143.0584609,408
144.0643133,412
145.0633341,414
146.06102909999998,418
147.0633915,420
148.0753692,424
149.0773645,426
150.0775092,430
151.0721529,432
152.0749417,436
153.0956755,438
154.0957716,442
155.1094402,444
156.1024036,448
157.1076998,450
158.1164135,454
159.1404526,456
160.1442082,460
161.1691108,462
162.1752519,466
163.18633739999999,469
164.2075339,472
165.23137499999999,475
166.2486319,478
167.2637039,481
168.2703781,484
169.2941756,487
170.2992188,490
171.2922582,493
172.3114149,496
173.3145288,499
174.3178815,502
175.3442586,505
176.3461809,508
177.3431457,511
178.3582906,514
179.3669602,518
180.37222069999999,520
181.3851032,524
182.4052482,526
183.4222527,530
184.4122034,532
185.4315788,536
186.4385689,538
187.4466593,542
188.4531461,544
189.4611809,548
190.4633839,550
191.4692464,554
192.4883141,556
193.495705,560
194.5002537,562
195.50252989999998,566
196.4988439,568
197.516196,572
198.5112676,574
199.5331675,578
200.52800299999998,581
201.5280597,584
202.5307304,587
203.5317394,590
204.5372564,593
205.5372716,596
206.5539483,599
207.5617187,602
208.5647373,605
209.5540042,608
210.5729675,611
211.57804339999998,614
212.5861202,617
213.6091408,620
214.6091823,623
215.6129349,626
216.6173517,629
217.6278372,632
218.6366561,635
219.6600552,638
220.6493979,641
221.6689171,644
222.6849299,647
223.6919669,650
224.7162652,653
225.73429529999999,656
226.7500942,659
227.7683022,662
228.7777563,665
229.79590629999998,668
230.8015243,671
231.8219006,674
232.8199359,678
233.8313854,680
234.8434724,684
235.8445233,686
236.848442,690
237.8706301,693
238.8835519,696
239.8909272,699
240.9054419,702
241.9058777,705
242.9051905,708
243.9194336,711
244.9412994,714
245.9474703,717
246.9489676,720
247.9594342,723
248.9673163,726
249.9689785,729
250.9851754,732
251.9930181,736
253.0109754,738
254.0154157,742
255.0309762,744
256.0300088,748
257.047094,750
258.0473258,754
259.0460904,756
260.0480597,760
261.0632098,762
262.0572385,766
263.0785136,768
264.0872182,772
265.0917839,774
266.0951733,778
267.0866179,780
268.0971355,784
269.1013385,786
270.1092925,790
271.111182,792
272.1102432,796
273.1013536,798
274.1148573,802
275.1152787,804
276.1169052,808
277.1246984,810
278.1440045,814
279.1499469,816
280.153992,820
281.1691121,822
282.1701189,826
283.1640974,828
284.1730632,832
285.1700175,834
286.1860361,838
287.1860552,841
288.1873338,844
289.1819557,847
290.2009708,850
291.2162575,853
292.2251436,856
293.2320987,859
294.25014649999997,862
295.2572782,865
296.2651881,868
297.2703451,871
298.2822409,874
299.2852605,877
300.2934107,880
301.30071,883
302.3101818,886
303.3107917,889
304.3122352,892
305.3140274,895
306.3123892,898
307.3183019,901
308.3416199,904
309.3438566,907
310.3550492,910
311.3564903,914
312.3594511,916
313.3584578,920
314.35913039999997,922
315.3584309,926
316.3640876,928
317.3848846,932
318.4062437,934
319.4159004,938
320.4412725,940
321.4682849,944
322.4691775,946
323.4824018,950
324.4839252,952
325.482959,956
326.4909432,958
327.4992554,962
328.5007586,964
329.4981647,968
330.5138197,970
331.5159176,974
332.5113481,976
333.5250962,980
334.5246637,983
335.5368344,986
336.5549045,989
337.5581906,992
338.5698264,995
339.5871794,998
340.5935976,1001
341.6119643,1004
342.611005,1007
343.600372,1010
344.6110473,1013
345.6259621,1016
346.6247306,1019
347.6230851,1022
348.6287886,1025
349.6211901,1028
350.6232516,1031
351.6209346,1034
352.6419359,1037
353.643019,1040
354.6442485,1043
355.6731051,1046
356.6744018,1049
357.69142899999997,1052
358.7098398,1055
359.7211146,1058
360.7191607,1061
361.7108234,1064
362.7289399,1067
363.7426862,1070
364.7492002,1073
365.76478529999997,1076
366.7659195,1079
367.780207,1082
368.7834825,1085
369.7968468,1088
370.7978637,1091
371.8118196,1094
372.8153666,1098
373.8117736,1100
374.8149491,1104
375.827884,1106
376.840961,1110
377.8444795,1112
378.8616769,1116
379.8525685,1118
380.8760856,1122
381.8830859,1125
382.9049171,1128
383.90278589999997,1131
384.9249828,1134
385.9381518,1137
386.9385283,1140
387.9521268,1143
388.95703149999997,1146
389.9719623,1149
390.981989,1152
391.9834518,1156
392.9770101,1158
393.986112,1162
394.982193,1164
395.9751159,1167
396.9837369,1170
397.9847626,1174
398.9749154,1176
399.9876435,1180
400.9900191,1182
402.0092514,1186
403.0062075,1188
404.0237378,1192
405.0333803,1194
406.0384406,1198
407.0588204,1200
408.0629054,1204
409.0681798,1206
410.0873068,1210
411.1108592,1212
412.1098269,1216
413.1245013,1218
414.1357788,1222
415.1518385,1224
416.1708925,1228
417.1679468,1230
418.1909238,1234
419.1842993,1237
420.1920511,1240
421.2026084,1243
422.2168711,1246
423.2124185,1249
424.22604739999997,1252
425.2337399,1255
426.2305024,1258
427.2327896,1261
428.2502539,1264
429.249082,1267
430.2510321,1270
431.2542112,1273
432.2456139,1276
433.2477845,1279
434.2627622,1282
435.2671203,1285
436.2776754,1288
437.2761485,1291
438.2761364,1294
439.2818694,1297
440.28361259999997,1300
441.2811155,1303
442.278916,1306
443.2833836,1309
444.2790594,1312
445.2821884,1315
446.2731095,1318
447.2912265,1321
448.2979905,1324
449.3043873,1327
450.3046759,1330
451.3096542,1333
452.3262562,1336
453.3278572,1339
454.3192589,1342
455.32463359999997,1345
456.3281974,1348
457.3320626,1351
458.3500275,1354
459.3595857,1358
460.3520194,1360
461.35789139999997,1364
462.3677187,1366
463.3925204,1370
464.4068308,1372
465.4106948,1376
466.43071679999997,1378
467.4398126,1382
468.4365298,1384
469.4397093,1388
470.4397523,1390
471.4447568,1394
472.4534722,1396
473.4583883,1400
474.4690787,1402
475.4789495,1406
476.4854501,1408
477.48896609999997,1412
478.5096994,1414
479.5125286,1418
480.5222745,1421
481.5456305,1424
482.5468271,1427
483.5439528,1430
484.5472457,1433
485.5461112,1436
486.5583594,1439
487.5658672,1442
488.5597459,1445
489.5619066,1448
490.5595987,1451
491.553809,1454
492.5590762,1457
493.5663509,1460
494.5557517,1463
495.5668223,1466
496.5761122,1469
497.5935601,1472
498.6019741,1475
499.623449,1478
500.6298114,1481
501.6366302,1484
502.63675109999997,1487
503.65255609999997,1490
504.6712139,1493
505.6778954,1496
506.6867901,1499
507.6881431,1502
508.6868196,1505
509.68931,1508
510.68690389999995,1511
511.6852517,1514
512.6924075,1517
513.7202382,1520
514.7204402,1523
515.7333854,1526
516.7351691,1529
517.7374766,1532
518.7328812,1535
519.7390882,1538
520.7470959999999,1541
521.7642701,1544
522.7750165,1547
523.7820228,1550
524.7736406,1553
525.7821508,1556
526.7850533,1559
527.7761617,1562
528.7858856,1565
529.80845,1568
530.8034642,1571
531.8180198,1574
532.8400368,1578
533.8497454,1580
534.8698154,1584
535.8866887,1587
536.9036382,1590
537.9248144,1593
538.9157695,1596
539.9210728,1599
540.9275531,1602
541.9517433,1605
542.9541459,1608
543.955003,1611
544.9561227,1614
545.950229,1617
546.9685347,1620
547.971777,1623
548.966536,1626
549.9675959,1629
550.9697393,1632
551.9726888,1635
552.982029,1638
553.986895,1642
554.981396,1644
555.9863056,1648
556.9883506,1650
558.0139208,1654
559.0310327,1656
560.0350454,1660
561.0617958,1662
562.0615692,1666
563.0597636,1668
564.0648269,1672
565.0546643,1674
566.0787159,1678
567.0821733,1680
568.1057916,1684
569.108951,1686
570.1236471,1690
571.1405379,1692
572.1554628,1696
573.1587065,1698
574.1707975,1702
575.1686318,1704
576.1781448,1708
577.1881489,1711
578.1910648,1714
579.1844142,1717
580.1848749,1720
581.1848569,1723
582.1965167,1726
583.2061748,1729
584.2038547,1732
585.2025947,1735
586.2010185,1738
587.2187474,1741
588.2317802,1744
589.2484828,1747
590.2517589,1750
591.2494831,1753
592.2407817,1756
593.2588861,1759
594.2667821,1762
595.2648606,1765
596.2695235,1768
597.2638049,1771
598.2768608,1774
599.2895242,1777
600.2948859,1780
601.2969238,1783
602.3030426,1786
603.3278345,1789
604.3316496,1792
605.3437512,1795
606.35838,1798
607.362243,1802
608.3640025,1804
609.3847122,1808
610.4027623,1810
611.4174163,1814
612.4160393,1816
613.4304864,1820
614.4342549,1822
615.4522898,1826
616.4527252,1828
617.4678107,1832
618.4659194,1834
619.4733982,1838
620.4866554,1840
621.4876681,1844
622.4829846,1846
623.4836624,1850
624.4836619,1852
625.4867359,1856
626.4859533,1858
627.4858353,1862
628.4827888,1864
629.4919975,1868
630.495501,1870
631.5018046,1874
632.4912732,1876
633.5167456,1880
634.5093879,1882
635.5158024,1886
636.5096336,1888
637.5212585,1892
638.5279264,1895
639.5351415,1898
640.5468239,1901
641.5544376,1904
642.5618286,1907
643.5794844,1910
644.5817734,1913
645.5848098,1916
646.5948589,1919
647.6075147,1922
648.6085356,1925
649.6066064,1928
650.6095941,1931
651.6249539,1934
652.6292397,1937
653.6608533,1940
654.6877469,1943
655.688389,1946
656.6877276,1949
657.6907004,1952
658.7058832,1955
659.7158666,1958
660.7197014,1961
661.7187405,1964
662.7118677,1967
663.7306152,1970
664.7346516,1973
665.7344734,1976
666.7350157,1979
667.7497332,1982
668.755215,1985
669.7634477,1988
670.7638109,1991
671.7725999,1994
672.7845483,1997
673.7730839,2000
674.782266,2003
675.7807679,2006
676.7765293,2009
677.8577645,2012
678.8577236,2016
679.8630525,2019
680.8760713,2022
681.8649309,2025
682.8927318,2028
683.8986668,2031
684.9056072,2034
685.9210778,2037
686.936615,2040
687.9486783,2043
688.9548374,2046
689.9619672,2049
690.9826607,2052
691.9906898,2056
692.9927481,2058
694.0144901,2062
695.0275463,2064
696.0483358,2068
697.0396352,2070
698.0574531999999,2074
699.0575248,2076
700.0695412,2080
701.0796855,2082
702.0906713,2086
703.1048299,2088
704.1098843,2092
705.115579,2094
706.1394137,2098
707.1330851,2100
708.1554617,2104
709.1479874,2106
710.1488318,2110
711.1573507,2112
712.1596556,2116
713.1797717,2119
714.1917143,2122
715.2019686,2125
716.2218816,2128
717.2278143,2131
718.2474609,2134
719.2548537,2137
720.2786923,2140
721.2883092,2143
722.3046795,2146
723.3124914,2149
724.3120464,2152
725.3148203,2155
726.3148734,2158
727.3057215,2161
728.3150103,2164
729.3249047,2167
730.3440244,2170
731.3435286,2173
732.3362461,2176
733.3567784,2180
734.3539036,2182
735.3555438,2186
736.3727393,2188
737.3734958,2192
738.3941599999999,2194
739.4166396,2198
740.4385113,2200
741.4358066,2204
742.4389139,2206
743.454618,2210
744.4525822,2212
745.4676218,2216
746.4674472,2218
747.4685118,2222
748.4678992,2224
749.4675335,2228
750.4848315,2230
751.4875029,2234
752.4796178,2236
753.4866804,2240
754.4874009,2242
755.4959201,2246
756.4944913,2248
757.5047156,2252
758.5289336,2255
759.532407,2258
760.5271679,2261
761.545585,2264
762.5438708,2267
763.5594247,2270
764.5616567,2273
765.5637384,2276
766.5703485,2279
767.5938189,2282
768.6026886,2285
769.6124228,2288
770.6052873,2291
771.6234138,2294
772.6356739,2297
773.6402783,2300
774.6403014,2303
775.6403733,2306
776.6396247,2309
777.6350516,2312
778.6558914,2315
779.6486005,2318
780.6557596,2321
781.6593357,2324
782.6614662,2327
783.6843965,2330
784.6796915,2333
785.6809162,2336
786.6867139,2339
787.6925075,2342
788.7016505,2345
789.7176348,2348
790.7174157,2351
791.7205511,2354
792.7138021,2357
793.733322,2360
794.7309077,2363
795.7423105,2366
796.743465,2369
797.7524464,2372
798.7557218,2375
799.7705396,2378
800.7836933,2381
801.7782401,2384
802.7861722,2387
803.7903988,2390
804.803571,2393
805.8165247,2396
806.8464733,2400
807.848872,2402
808.8536761,2406
809.8609765,2409
810.8613636,2412
811.863634,2415
812.8586331,2418
813.8645589,2421
814.8764046,2424
815.874545,2427
816.8778266,2430
817.8885716,2433
818.9086867999999,2436
819.9104906,2439
820.9224513,2442
821.9341389,2445
822.9367867,2448
823.952537,2451
824.947432,2454
825.9645403,2457
826.9672931,2460
827.9723296,2463
828.9795683,2466
829.9815194,2470
830.9853263,2472
831.9821384,2476
832.985293,2478
833.9853893,2482
834.9792881,2484
835.9828080999999,2488
836.9985415,2490
838.0043916,2494
839.0304755,2496
840.0461936,2500
841.0442033,2502
842.0475291,2506
843.0541618,2508
844.0756578,2512
845.0964196,2514
846.1103881,2518
847.1253775,2520
848.126958,2524
849.1288345,2526
850.1373241,2530
851.1406013,2532
852.143439,2536
853.1406108,2538
854.1457509,2542
855.1522791,2544
856.1749277,2548
857.169153,2550
858.1775661,2554
859.1853793,2557
860.2056053,2560
861.2054535999999,2563
862.2013192,2566
863.20328,2569
864.2027313,2572
865.2024061,2575
866.2012995,2578
867.2063853,2581
868.1938319,2584
869.2076004,2587
870.2024617,2590
871.2045049,2593
872.2217331,2596
873.2213952,2599
874.2302675,2602
875.2367512,2605
876.2506089,2608
877.2505938,2611
878.2671472,2614
879.2739531,2617
880.2755669,2620
881.2814973,2623
882.2815781,2626
883.2737483,2629
884.2967426,2632
885.2974661,2635
886.314759,2638
887.3104253,2641
888.3162197,2644
889.3132533,2647
890.3144507,2650
891.3153632,2653
892.3038822,2656
893.3275091,2659
894.3270606,2662
895.3420667,2665
896.3464136,2668
897.3570731,2672
898.3773028,2674
899.3814816,2678
900.4053973,2680
901.4083768,2684
902.4184517,2686
903.439427,2690
904.440267,2692
905.4491069,2696
906.4555608,2698
907.4482527,2702
908.4641971,2704
909.4701314,2708
910.478998,2710
911.4844977,2714
912.483809,2716
913.4874837,2720
914.4792873,2722
915.485168,2726
916.4986087,2728
917.5161075999999,2732
918.5093457,2734
919.5261898,2738
920.5226938,2741
921.5301833999999,2744
922.5234967,2747
923.5384028,2750
924.5429523,2753
925.5444499,2756
926.5451892,2759
927.5388146,2762
928.5585599999999,2765
929.5774237,2768
930.576194,2771
931.5815096,2774
932.6053241,2777
933.6011578,2780
934.6074985,2783
935.6123224,2786
936.6053956,2789
937.6109005,2792
938.6104216,2795
939.608127,2798
940.6240544,2801
941.6425725,2804
942.64713,2807
943.6594491,2810
944.6544213,2813
945.6711125,2816
946.6774378,2819
947.6829,2822
948.6887992,2825
949.6793171,2828
950.6915457,2831
951.7051051,2834
952.7098827,2837
953.7332963,2840
954.7520069,2843
955.7669386,2846
956.7683488,2849
957.76616,2852
958.773678,2855
959.7853575,2858
960.7963031,2861
961.7988538,2864
962.7924275,2867
963.8117193,2870
964.816828,2874
965.8471489,2876
966.8721476,2880
967.8822711,2883
968.9032218,2886
969.9114476,2889
970.9373274,2892
971.9419488999999,2895
972.9712669,2898
973.9711448,2901
974.9644404,2904
975.9879329,2908
977.0184663,2910
978.0294788,2914
979.0505677,2916
980.0755908,2920
981.0918212,2922
982.1072705,2926
983.1165663,2928
984.1381275,2932
985.1553066,2934
986.1705188,2938
987.1717163,2940
988.1907951,2944
989.2025509,2947
990.1935499,2950
991.2024987,2953
992.201188,2956
993.2154368,2959
994.2308395,2962
995.2374203,2965
996.2299894,2968
997.2402997,2971
998.2518427,2974
999.2526513,2977
1000.2444115,2980
1001.2664841,2983
1002.2704733,2986
1003.2822622,2989
1004.2822698,2992
1005.2820758,2995
1006.2764102,2998
1007.2867396,3001
1008.2977395,3004
1009.2982241,3007
1010.2904797,3010
1011.3152409,3013
1012.3115726999999,3016
1013.3282672,3019
1014.3346192,3022
1015.3430897,3025
1016.3637611,3028
1017.3723035,3032
1018.3893745,3034
1019.4020087,3038
1020.4091134,3040
1021.4160421,3044
1022.4375276999999,3046
1023.4374244999999,3050
1024.4376684,3052
1025.4491797,3056
1026.4691888,3058
1027.4865574,3062
1028.4798482,3064
1029.4991492,3068
1030.4963072,3070
1031.502408,3074
1032.5099837,3076
1033.5300036,3080
1034.5317121,3083
1035.5391239,3086
1036.5469566,3089
1037.5653331,3092
1038.5742218,3095
1039.5781176,3098
1040.5812143,3101
1041.5994464999999,3104
1042.6105101,3107
1043.6241204,3110
1044.6278389,3113
1045.6288544,3116
1046.6339781,3119
1047.6322041,3122
1048.6339893,3125
1049.6391241,3128
1050.6428403,3131
1051.6521433,3134
1052.6605442,3137
1053.6732883,3140
1054.6719708,3143
1055.6654392,3146
1056.6812929,3149
1057.6893775,3152
1058.6952396,3155
1059.7008685,3158
1060.7028879,3161
1061.703021,3164
1062.7004871,3167
1063.7172689,3170
1064.7173344,3173
1065.7361614,3176
1066.7366128,3179
1067.7291234,3182
1068.7334629,3185
1069.7271359,3188
1070.7342234,3191
1071.7326272,3194
1072.7417397,3197
1073.7453889,3200
1074.7617731,3203
1075.7648838,3206
1076.7654086,3209
1077.7603362,3212
1078.7702783,3215
1079.7919414,3218
1080.7948039999999,3221
1081.8011687,3224
1082.8123281,3228
1083.8247015,3230
1084.8262513,3234
1085.8289739,3236
1086.8310565,3240
1087.843919,3242
1088.8433447,3246
1089.8619887,3249
1090.8689595,3252
1091.8907986,3255
1092.8969373,3258
1093.9002192,3261
1094.922252,3264
1095.9381845,3267
1096.938815,3270
1097.9533279,3273
1098.955633,3276
1099.9524306,3279
1100.9688594,3282
1101.9723826,3285
1102.9952839,3288
1104.0142424,3292
1105.0321391,3294
1106.0390984,3298
1107.0483993,3300
1108.0502609,3304
1109.0462044,3306
1110.0530518,3310
1111.0751546,3312
1112.0799318,3316
1113.0865996,3318
1114.1082268,3322
1115.1248555,3324
1116.1349751,3328
1117.1441957,3330
1118.1697103,3334
1119.1686507,3336
1120.1769397,3340
1121.1837335,3343
1122.2032144,3346
1123.2026785,3349
1124.2192242,3352
1125.2200498,3355
1126.228062,3358
1127.2390419,3361
1128.2491704,3364
1129.2495884,3367
1130.2432257,3370
1131.2670669,3373
1132.2654397,3376
1133.2650107,3379
1134.257176,3382
1135.2755309,3385
1136.2788647,3388
1137.2793072,3391
1138.2764299,3394
1139.2905927,3397
1140.2976531,3400
1141.2977656,3403
1142.2995254,3406
1143.3039534,3409
1144.3248944,3412
1145.3253497,3415
1146.3181952,3418
1147.3423582,3421
1148.3623098,3424
1149.3494867,3427
1150.3553923,3430
1151.3596583,3434
1152.3629974,3436
1153.3554463,3439
1154.37253,3442
1155.3909926,3446
1156.3890385,3448
1157.3930916,3452
1158.3933777,3454
1159.4021741,3458
1160.4063145,3460
1161.4189235,3464
1162.4420054,3466
1163.4551883,3470
1164.4479575,3472
1165.4529655,3476
1166.4690545,3478
1167.4702133,3482
1168.4854999,3484
1169.4850458,3488
1170.4994831,3490
1171.5038609,3494
1172.5109733,3496
1173.5179909,3500
1174.5066785,3502
1175.5270443,3506
1176.5219421,3509
1177.5404799,3512
1178.5482302,3515
1179.5370812,3518
1180.557369,3521
1181.5660463,3524
1182.5615797,3527
1183.5680465,3530
1184.576963,3533
1185.5777974,3536
1186.5809707,3539
1187.577585,3542
1188.5758625,3545
1189.5762681,3548
1190.5788604,3551
1191.5934328,3554
1192.5931881,3557
1193.6072441,3560
1194.6093527,3563
1195.612072,3566
1196.6193464,3569
1197.6291877,3572
1198.6551041,3575
1199.6492004,3578
1200.6553401,3581
1201.6730353,3584
1202.6691334,3587
1203.6661486,3590
1204.675891,3593
1205.6860029,3596
1206.6926884,3599
1207.701849,3602
1208.7059319,3605
1209.6990068,3608
1210.70227,3611
1211.7211802,3614
1212.7191757,3617
1213.7249349,3620
1214.7431812,3623
1215.7569379,3626
1216.7859587,3629
1217.7922259,3632
1218.7965621,3635
1219.8119194,3638
1220.8147557,3642
1221.8144223,3644
1222.8133178,3648
1223.8120145999999,3650
1224.8123208,3654
1225.8059268,3656
1226.8158445,3660
1227.8224346,3662
1228.8379242,3666
1229.8482809,3668
1230.8792124,3672
1231.9037764,3675
1232.9059342,3678
1233.896935,3681
1234.8970473,3684
1235.9172856,3687
1236.9367647,3690
1237.9338779,3693
1238.9482927,3696
1239.9579736,3699
1240.9830586,3702
1241.9847757,3706
1242.9850686,3708
1243.9838656,3712
1244.986034,3714
1245.9852929,3718
1246.9844989,3720
1247.9861317,3724
1248.9771373,3726
1249.9878004,3730
1250.9782597,3732
1251.9849243,3736
1252.9828093,3738
1253.983554,3742
1254.9990697,3744
1255.9908857,3748
1257.0142071,3750
1258.0311,3754
1259.0308116,3756
1260.0294872,3760
1261.0274299,3762
1262.0458492,3766
1263.0425386,3768
1264.0621031,3772
1265.0690954,3774
1266.0910556,3778
1267.1110005,3780
1268.1178591,3784
1269.1408992,3786
1270.1607413,3790
1271.1682954999999,3792
1272.1846205,3796
1273.1949747,3799
1274.1980334,3802
1275.1989073,3805
1276.1996508,3808
1277.2027304,3811
1278.2202374,3814
1279.2277518,3817
1280.2340524,3820
1281.2381386,3823
1282.2530804,3826
1283.2571691,3829
1284.2786954,3832
1285.2915468,3835
1286.2958216,3838
1287.2963707,3841
1288.3100349,3844
1289.309922,3847
1290.3109887,3850
1291.3337752,3853
1292.3419448,3856
1293.3433798,3859
1294.3429265,3862
1295.3579965,3866
1296.3591936,3868
1297.3579854,3872
1298.3582085,3874
1299.3588568,3878
1300.3581493,3880
1301.3590187,3884
1302.3556468,3886
1303.354226,3890
1304.3786476,3892
1305.3815959,3896
1306.4101067,3898
1307.4287353,3902
1308.438219,3904
1309.4501131,3908
1310.452831,3910
1311.4551545,3914
1312.4703291,3916
1313.4730552,3920
1314.466938,3922
1315.4822762,3926
1316.5018799,3928
1317.5150136,3932
1318.5106483,3934
1319.5203158,3938
1320.5223203,3941
1321.5347224,3944
1322.539304,3947
1323.5368636,3950
1324.5461103,3953
1325.5601684,3956
1326.5634634,3959
1327.5707936,3962
1328.5794077,3965
1329.5792406,3968
1330.5777269,3971
1331.5939036,3974
1332.5950656,3977
1333.6095109,3980
1334.6162494,3983
1335.6410036,3986
1336.647831,3989
1337.6706888,3992
1338.6677487,3995
1339.6711806,3998
1340.6788519,4001
1341.6863999,4004
1342.6908935,4007
1343.6949961,4010
1344.7021999,4013
1345.723548,4016
1346.7321021,4019
1347.7487594,4022
1348.7497312,4025
1349.7691705,4028
1350.7859347,4031
1351.8007237,4034
1352.8002959,4037
1353.806235,4040
1354.8170237,4044
1355.8460528,4046
1356.8615745,4050
1357.8630797,4053
1358.8779392,4056
1359.8787075,4059
1360.8781885,4062
1361.8917397,4065
1362.9089857,4068
1363.922433,4071
1364.926504,4074
1365.9447257,4077
1366.9510647,4080
1367.9648352,4083
1368.9808313,4086
1369.9856358,4090
1370.9845021,4092
1371.9865805,4096
1372.9857383,4098
1373.9884393,4102
1374.9898076,4104
1376.0149586,4108
1377.0190889,4110
1378.028075,4114
1379.035263,4116
1380.0599164,4120
1381.0558612,4122
1382.0787569,4126
1383.0904818,4128
1384.1045715,4132
1385.1169898,4134
1386.1369247,4138
1387.1408263,4140
1388.1512811,4144
1389.1567957,4146
1390.1718942,4150
1391.1856052,4153
1392.1885267,4156
1393.1813537,4159
1394.1985316,4162
1395.2024852,4165
1396.1928787,4168
1397.2153886,4171
1398.2330254,4174
1399.2427394,4177
1400.2667487,4180
1401.2717555,4183
1402.2918537,4186
1403.2934606,4189
1404.2930076,4192
1405.2957808,4195
1406.3068373,4198
1407.3186632,4201
1408.3261777,4204
1409.3290509,4207
1410.3419448,4210
1411.357688,4214
1412.3633373,4216
1413.3876783,4220
1414.4034878,4222
1415.4163913,4226
1416.4206061,4228
1417.4252339,4232
1418.4217127,4234
1419.4229596,4238
1420.4358193,4240
1421.4408389,4244
1422.4430259,4246
1423.4611514,4250
1424.4860551,4252
1425.4876065,4256
1426.4881993,4258
1427.5019727,4262
1428.5053118,4264
1429.5182239,4268
1430.5108156,4270
1431.5155749,4274
1432.5088634,4276
1433.5232688,4280
1434.5262049,4283
1435.5316622,4286
1436.5331008,4289
1437.5476786,4292
1438.5414893,4295
1439.5616358,4298
1440.5614588,4301
1441.5635539,4304
1442.5666329,4307
1443.5934819,4310
1444.5991322,4313
1445.6122536,4316
1446.6095907,4319
1447.6028399,4322
1448.6070986,4325
1449.6087384,4328
1450.6096033,4331
1451.6066832,4334
1452.610647,4337
1453.6087217,4340
1454.61,4343
1455.6249345,4346
1456.6286265,4349
1457.6397041,4352
1458.6456913,4355
1459.6608192,4358
1460.677746,4361
1461.6835713,4364
1462.6935697,4367
1463.6991209,4370
1464.7026468,4373
1465.716953,4376
1466.7233052,4379
1467.7453657,4382
1468.7658629,4385
1469.7797137,4388
1470.7765822,4391
1471.7739333,4394
1472.7868284,4397
1473.7953151,4400
1474.7947021,4403
1475.8118881999999,4406
1476.8157675,4410
1477.8067315,4412
1478.8138254,4416
1479.8160064,4418
1480.822121,4422
1481.8271378,4424
1482.8180637,4428
1483.8440341,4430
1484.8532042,4434
1485.8646441,4437
1486.8656691,4440
1487.8887016,4443
1488.9056598,4446
1489.91821,4449
1490.9206416,4452
1491.9406726,4455
1492.9518322,4458
1493.9570189,4461
1494.9657276,4464
1495.968607,4467
1496.9835243,4470
1497.9825384,4474
1498.9877875,4476
1500.0054954,4480
1501.0253389,4482
1502.0417313,4486
1503.0626027,4488
1504.0789808,4492
1505.0932193,4494
1506.1120806,4498
1507.1067216,4500
1508.1259614,4504
1509.1291374,4506
1510.1381796,4510
1511.1556275,4512
1512.1706718,4516
1513.1684292,4518
1514.1860361,4522
1515.1851147,4525
1516.1905794,4528
1517.1807936,4531
1518.2012776,4534
1519.2060581,4537
1520.1927762,4540
1521.2015509,4543
1522.2195836,4546
1523.2230139,4549
1524.2439262,4552
1525.2654948,4555
1526.2824137,4558
1527.281354,4561
1528.2798431,4564
1529.2825895,4567
1530.2863394,4570
1531.2932768,4573
1532.3027319,4576
1533.3118958,4579
1534.3179836,4582
1535.3273437,4585
1536.3326217,4588
1537.344037,4591
1538.345777,4594
1539.3540521,4598
1540.3667977,4600
1541.3765642,4604
1542.3866932,4606
1543.3964025,4610
1544.4174879,4612
1545.420492,4616
1546.4354448,4618
1547.44265,4622
1548.4528916,4624
1549.4563261,4628
1550.4661445,4630
1551.4751925,4634
1552.4837885,4636
1553.4920154,4640
1554.4923188,4642
1555.511371,4646
1556.5098972,4648
1557.5175865,4652
1558.509593,4654
1559.5314537,4658
1560.5265063,4661
1561.5445775,4664
1562.5459641,4667
1563.5450617,4670
1564.5466984,4673
1565.5465333,4676
1566.5459959,4679
1567.5446446,4682
1568.5445947,4685
1569.5422279,4688
1570.546325,4691
1571.5377075,4694
1572.5556357,4697
1573.5600451,4700
1574.563396,4703
1575.5613035,4706
1576.5616945,4709
1577.5547987,4712
1578.5587326,4715
1579.5764924,4718
1580.5773598,4721
1581.5758339,4724
1582.5819707,4727
1583.605704,4730
1584.6086669,4733
1585.6136195,4736
1586.620497,4739
1587.6265744,4742
1588.6253436,4745
1589.6396815,4748
1590.6478128,4751
1591.6571908,4754
1592.6676735,4757
1593.6865295,4760
1594.690451,4763
1595.6874531,4766
1596.6924581,4769
1597.7181277,4772
1598.710026,4775
1599.7163025,4778
1600.7233555,4781
1601.7425844,4784
1602.7475861,4787
1603.7542933,4790
1604.7641532,4793
1605.7643954,4796
1606.7657396,4799
1607.7800973,4802
1608.7873706,4805
1609.8070806,4808
1610.8150818,4812
1611.8062898,4814
1612.8112386,4818
1613.8226655,4820
1614.8457049,4824
1615.8485262,4826
1616.8642828,4830
1617.8865092,4833
1618.9007061,4836
1619.9064982,4839
1620.9061405,4842
1621.9204759,4845
1622.9345113,4848
1623.9393301,4851
1624.9462886,4854
1625.9482940999999,4857
1626.9545195,4860
1627.9512811,4863
1628.9554158,4866
1629.9577142,4869
1630.9696254,4872
1631.9716467,4875
1632.9705815,4878
1633.9846984,4882
1634.9775867,4884
1635.9859317,4888
1637.0023981,4890
1638.0171833,4894
1639.0316079,4896
1640.0453124,4900
1641.0393509,4902
1642.0473899,4906
1643.0492644,4908
1644.0574309,4912
1645.0777109,4914
1646.0855542,4918
1647.1084192,4920
1648.1131344,4924
1649.1027542,4926
1650.1215533,4930
1651.1395549,4932
1652.1563174,4936
1653.1554084,4938
1654.1625323,4942
1655.1801192,4945
1656.2026175,4948
1657.2023986,4951
1658.2027085,4954
1659.2007329,4957
1660.2032611,4960
1661.2007672,4963
1662.2214255,4966
1663.2276448,4969
1664.2345894,4972
1665.2324866,4975
1666.2468316,4978
1667.2502384,4981
1668.2412903,4984
1669.2633419,4987
1670.2664454,4990
1671.2678015,4993
1672.2716814,4996
1673.2914114,4999
1674.3138987,5002
1675.3122713,5005
1676.3292128,5008
1677.337634,5011
1678.3496597,5014
1679.3577397,5018
1680.3565931,5020
1681.3544563,5024
1682.3773841,5026
1683.3762977,5030
1684.3853991,5032
1685.38948,5036
1686.4058148,5038
1687.4154722,5042
1688.4127978,5044
1689.4373235,5048
1690.4406699,5050
1691.4354015,5054
1692.436827,5056
1693.4413993,5060
1694.4393141,5062
1695.4389398,5066
1696.4382062,5068
1697.4378455,5072
1698.4357669,5074
1699.4499699,5078
1700.4444276,5080
1701.4681456,5084
1702.4754185,5086
1703.4822475,5090
1704.4775472,5092
1705.4874173,5096
1706.5032252,5098
1707.5061996,5102
1708.5081137,5104
1709.5115095,5108
1710.5096168,5110
1711.5334098,5114
1712.5307919,5117
1713.5420255,5120
1714.5455063,5123
1715.5392305,5126
1716.5468862,5129
1717.539477,5132
1718.5452992,5135
1719.5434759,5138
1720.5474197,5141
1721.5432915,5144
1722.5509479,5147
1723.5586405,5150
1724.5662047,5153
1725.5653144,5156
1726.5615508,5159
1727.5576388,5162
1728.5773243,5165
1729.5740666,5168
1730.5721178,5171
1731.5683654,5174
1732.586684,5177
1733.6033091,5180
1734.6015296,5183
1735.6095546,5186
1736.616147,5189
1737.6395666,5192
1738.6558109,5195
1739.6571192,5198
1740.6572874,5201
1741.6507431,5204
1742.6705338,5207
1743.6725014,5210
1744.6743456,5213
1745.6704746999999,5216
1746.6712652,5219
1747.6774878,5222
1748.6808663,5225
1749.6845266,5228
1750.7022515,5231
1751.7023297,5234
1752.7097326,5237
1753.7369994,5240
1754.7378498,5243
1755.726029,5246
1756.7335108,5249
1757.7356407,5252
1758.7420787,5255
1759.7603921,5258
1760.7645081,5261
1761.765334,5264
1762.772629,5267
1763.7769183,5270
1764.7746071,5273
1765.7800113,5276
1766.785324,5279
1767.8110169,5282
1768.8123046,5286
1769.8141495,5288
1770.8149514,5292
1771.8181173,5294
1772.8424082,5298
1773.8488885,5300
1774.8713282,5304
1775.8887128,5307
1776.9041209,5310
1777.9144887,5313
1778.9213785,5316
1779.934317,5319
1780.9412115,5322
1781.9375436,5325
1782.932459,5328
1783.9535527,5331
1784.9711658,5334
1785.9728497,5337
1786.984099,5340
1787.9838796,5344
1788.9772677,5346
1789.9868526,5350
1790.9846058,5352
1791.9872943,5356
1792.983531,5358
1793.9862602,5362
1794.9820082,5364
1795.984978,5368
1797.0008528,5370
1798.0172641,5374
1799.0222853,5376
1800.0464446,5380
1801.0395966,5382
1802.0588919,5386
1803.0595577,5388
1804.0617177,5392
1805.0761445,5394
1806.0816983,5398
1807.0963921,5400
1808.1094619,5404
1809.1004185,5406
1810.1050608,5410
1811.109285,5412
1812.1189874,5416
1813.1411799,5418
1814.1493226,5422
1815.157104,5424
1816.1671458,5428
1817.1692705,5430
1818.1796999,5434
1819.1836883,5437
1820.1884559,5440
1821.1833818,5443
1822.2034086,5446
1823.2088976,5449
1824.2334021,5452
1825.2352895,5455
1826.2253719,5458
1827.2366686,5461
1828.2547379,5464
1829.276409,5467
1830.286548,5470
1831.2931952,5473
1832.3090386,5476
1833.31837,5479
1834.3332048,5482
1835.3425122,5485
1836.359418,5488
1837.3577779,5492
1838.3597279,5494
1839.3574893,5498
1840.3583159,5500
1841.3550429,5504
1842.3661127,5506
1843.3773758,5510
1844.3737917,5512
1845.3739754,5516
1846.3922029,5518
1847.4067255,5522
1848.3993951,5524
1849.4179454,5528
1850.424023,5530
1851.4232589,5534
1852.4374114,5536
1853.4493395,5540
1854.4668345,5542
1855.4693589,5546
1856.4733734,5548
1857.4969111999999,5552
1858.5097269,5554
1859.5192082,5558
1860.523232,5561
1861.5424538,5564
1862.557986,5567
1863.5682761,5570
1864.5763948,5573
1865.5691902,5576
1866.5783729,5579
1867.5817636,5582
1868.5755223,5585
1869.5771925,5588
1870.5771956,5591
1871.5813171,5594
1872.5955623,5597
1873.6003294,5600
1874.6065589,5603
1875.6110263,5606
1876.6093631,5609
1877.601353,5612
1878.6231633,5615
1879.6381687,5618
1880.6431608999999,5621
1881.6564465,5624
1882.6553822,5627
1883.658338,5630
1884.6558694,5633
1885.6549272,5636
1886.6552202,5639
1887.6481967,5642
1888.6545739,5645
1889.6586401,5648
1890.6710889,5651
1891.6861382,5654
1892.6871382,5657
1893.6904463,5660
1894.685994,5663
1895.6877221,5666
1896.6809942,5669
1897.6893703,5672
1898.688471,5675
1899.7022739,5678
1900.7054373,5681
1901.7106264,5684
1902.7172296,5687
1903.7374403,5690
1904.7361494,5693
1905.7341714,5696
1906.7421419,5699
1907.7503104,5702
1908.7516161,5705
1909.746933,5708
1910.7504993,5711
1911.7671334,5714
1912.7695877,5717
1913.793553,5720
1914.7998768,5723
1915.8089473,5726
1916.8180309,5730
1917.8484249,5732
1918.8732456,5736
1919.880437,5739
1920.8995377,5742
1921.9204278,5745
1922.9351034,5748
1923.9491447,5751
1924.9532594,5754
1925.9562754,5757
1926.9620285,5760
1927.9719286,5763
1928.9611467,5766
1929.9726332,5769
1930.9845739,5772
1931.9861758,5776
1932.9885342,5778
1934.0020382,5782
1935.0132135,5784
1936.0254305,5788
1937.0306944,5790
1938.0371855,5794
1939.0573917,5796
1940.0600319,5800
1941.0765319,5802
1942.0927272,5806
1943.1003692,5808
1944.1031145,5812
1945.1079376,5814
1946.1264204,5818
1947.1311504,5820
1948.1527831,5824
1949.1685597,5826
1950.1630949999999,5830
1951.1802768,5833
1952.2035402,5836
1953.2000884,5839
1954.217247,5842
1955.2212629,5845
1956.2324109,5848
1957.238527,5851
1958.2634818,5854
1959.2726693,5857
1960.2954852,5860
1961.3017504,5863
1962.3075927,5866
1963.3152512,5869
1964.319561,5872
1965.3337894,5875
1966.3572064,5878
1967.3592504,5882
1968.3590541,5884
1969.3585091,5888
1970.358017,5890
1971.3492679,5893
1972.3603182,5896
1973.3601079,5900
1974.3611277,5902
1975.3490796,5905
1976.3634827,5908
1977.3900613,5912
1978.4103794,5914
1979.4369919,5918
1980.4410642,5920
1981.4656161,5924
1982.4828752,5926
1983.4973436,5930
1984.5059878,5932
1985.5151545,5936
1986.5276247,5939
1987.5364337,5942
1988.5393727,5945
1989.5620161,5948
1990.5620891,5951
1991.5784537,5954
1992.5781952,5957
1993.5830851,5960
1994.5901814,5963
1995.6118946,5966
1996.6151322,5969
1997.6263095,5972
1998.6241195,5975
1999.6391456,5978
2000.6450884,5981
2001.6541112,5984
2002.6482752,5987
2003.6741674,5990
2004.6866087,5993
2005.6990625,5996
2006.7079306,5999
2007.7160429,6002
2008.7110513,6005
2009.7359924,6008
2010.734291,6011
2011.7429488,6014
2012.7494962,6017
2013.7483377,6020
2014.7527247,6023
2015.7642324,6026
2016.7638811,6029
2017.7840768,6032
2018.7769891,6035
2019.7890297,6038
2020.7961867,6041
2021.7920696,6044
2022.796436,6047
2023.7899523,6050
2024.7963868,6053
2025.7990026,6056
2026.7898168,6059
2027.8112812,6062
2028.8153318,6066
2029.8230428,6068
2030.8319851,6072
2031.8380457,6074
2032.8584182,6078
2033.8613673,6081
2034.8752246,6084
2035.8899708,6087
2036.9103732,6090
2037.9299801,6093
2038.9295465,6096
2039.9501639,6099
2040.9469972,6102
2041.9570071,6105
2042.9651123,6108
2043.971684,6111
2044.9641751,6114
2045.983144,6118
2046.9762106,6120
2047.9865519000002,6124
2048.9765056,6126
2049.9846976000003,6130
2050.9869762000003,6132
2051.9856452000004,6136
2052.9862044,6138
2053.9867261000004,6142
2054.9849146,6144
2055.9861939,6148
2056.9828923,6150
2057.9821578,6154
2058.9803248000003,6156
2059.9830297000003,6160
2060.9909228,6162
2062.0087413,6166
2063.0336302,6168
2064.0485225,6172
2065.0452172,6174
2066.0530118,6178
2067.0603209,6180
2068.0672428000003,6184
2069.0701356000004,6186
2070.0893291,6190
2071.1049007,6192
2072.1237464,6196
2073.1429555000004,6198
2074.1473131000002,6202
2075.1572840000003,6204
2076.1651690000003,6208
2077.1691471000004,6210
2078.1780426,6214
2079.1849704,6217
2080.2030588000002,6220
2081.2070403000002,6223
2082.2322635,6226
2083.2296197,6229
2084.2437954,6232
2085.2561069000003,6235
2086.2613031,6238
2087.2820393,6241
2088.2819016000003,6244
2089.2773046,6247
2090.279883,6250
2091.2840565,6253
2092.2992562000004,6256
2093.3080996000003,6259
2094.3302312,6262
2095.3308837000004,6265
2096.3280542,6268
2097.3297436000003,6271
2098.3442675,6274
2099.3467711000003,6277
2100.3409476,6280
2101.3482661000003,6283
2102.3535538,6286
2103.3595425000003,6290
2104.3751601000004,6292
2105.3792055000004,6296
2106.4070570000003,6298
2107.4122230000003,6302
2108.4355967,6304
2109.4310824000004,6308
2110.4389678000002,6310
2111.4388023,6314
2112.4377731000004,6316
2113.4448642,6320
2114.4545772,6322
2115.457746,6326
2116.4681432,6328
2117.4690466,6332
2118.4818514000003,6334
2119.4859464,6338
2120.4809141,6340
2121.4838809000003,6344
2122.4889003000003,6346
2123.512188,6350
2124.5201885,6353
2125.5439407000003,6356
2126.5602125,6359
2127.5759673000002,6362
2128.5801247000004,6365
2129.5737489000003,6368
2130.5758074,6371
2131.5942545000003,6374
2132.5923425,6377
2133.6108463,6380
2134.6107349000004,6383
2135.6238322000004,6386
2136.6238412000002,6389
2137.6249205000004,6392
2138.6390767000003,6395
2139.659696,6398
2140.6818305,6401
2141.6862359,6404
2142.6919878000003,6407
2143.7149848000004,6410
2144.7171190000004,6413
2145.7318256000003,6416
2146.7509629,6419
2147.7500510000004,6422
2148.7445578,6425
2149.7647893000003,6428
2150.7705429000002,6431
2151.7772724,6434
2152.7814752000004,6437
2153.7726505,6440
2154.7863861,6443
2155.7960364,6446
2156.7984461,6449
2157.7909069,6452
2158.8170248,6456
2159.8271972000002,6458
2160.8477997000005,6462
2161.8620619000003,6465
2162.8680393000004,6468
2163.8856164000003,6471
2164.9077840000004,6474
2165.9180149000003,6477
2166.9230213,6480
2167.9300598000004,6483
2168.9381585,6486
2169.9405413000004,6489
2170.9346771,6492
2171.952165,6495
2172.9478417,6498
2173.9706493000003,6501
2174.9644242000004,6504
2175.961748,6507
2176.9838246000004,6510
2177.9884967000003,6514
2179.0158001000004,6516
2180.0289420000004,6520
2181.0297364000003,6522
2182.0410121000004,6526
2183.0437822000004,6528
2184.0639147,6532
2185.0611046000004,6534
2186.0788584,6538
2187.0720723000004,6540
2188.0955181000004,6544
2189.1090085,6546
2190.111952,6550
2191.1110400000002,6552
2192.1236794,6556
2193.1419708000003,6558
2194.1409687,6562
2195.1413736000004,6564
2196.1550123,6568
2197.1508799000003,6570
2198.1630324000002,6574
2199.1680703,6576
2200.1615971,6580
2201.1826823,6583
2202.2025024000004,6586
2203.2090625,6589
2204.2333900000003,6592
2205.2449458,6595
2206.2517505,6598
2207.2528363,6601
2208.2505409,6604
2209.2549156,6607
2210.2649838,6610
2211.2740363000003,6613
2212.2736200000004,6616
2213.280815,6619
2214.2783401,6622
2215.2808126000004,6625
2216.2794001,6628
2217.2822410000003,6631
2218.2749221000004,6634
2219.2829659000004,6637
2220.2978972,6640
2221.2961378000005,6643
2222.3112207000004,6646
2223.3142033000004,6649
2224.3297579,6652
2225.3268886,6655
2226.3311657000004,6658
2227.3318756000003,6661
2228.3367224000003,6664
2229.3446608000004,6667
2230.3430203000003,6670
2231.3437153000004,6673
2232.344896,6676
2233.3417873000003,6679
2234.3550503,6682
2235.3596833,6686
2236.3617138000004,6688
2237.3548838,6692
2238.3581994,6694
2239.3558404,6698
2240.3757733,6700
2241.3756477,6704
2242.3917789,6706
2243.3937961,6710
2244.4000348000004,6712
2245.4086935,6716
2246.4047639,6718
2247.4150102000003,6722
2248.4363091,6724
2249.439014,6728
2250.4359127000002,6730
2251.4390893000004,6734
2252.4383724000004,6736
2253.4449443000003,6740
2254.4632251000003,6742
2255.4676727,6746
2256.4608198,6748
2257.4689501000003,6752
2258.4737231000004,6754
2259.491684,6758
2260.502477,6760
2261.5019039000003,6764
2262.5016239,6766
2263.5071940000003,6770
2264.5101855000003,6772
2265.5129127,6776
2266.5242393000003,6779
2267.5310028000004,6782
2268.560973,6785
2269.555897,6788
2270.5626851,6791
2271.5810191,6794
2272.5849469000004,6797
2273.6089893000003,6800
2274.6044565,6803
2275.6111062000004,6806
2276.6107515000003,6809
2277.6085876,6812
2278.6116855,6815
2279.6208439,6818
2280.6409201,6821
2281.6491333000004,6824
2282.6585732000003,6827
2283.6658275000004,6830
2284.6730252,6833
2285.6896209,6836
2286.6910698,6839
2287.702177,6842
2288.7181578000004,6845
2289.7128521000004,6848
2290.7186696000003,6851
2291.7113298000004,6854
2292.7337497000003,6857
2293.7289,6860
2294.740432,6863
2295.7647647000003,6866
2296.7678984000004,6869
2297.7635567,6872
2298.7829967000002,6875
2299.7983209000004,6878
2300.7946840000004,6881
2301.8007288000003,6884
2302.8150202,6888
2303.8268466000004,6890
2304.8314465000003,6894
2305.8475976000004,6896
2306.8613351000004,6900
2307.8765188,6902
2308.8896204000002,6906
2309.904786,6909
2310.8967019,6912
2311.9209229000003,6915
2312.9398284000004,6918
2313.9392220000004,6921
2314.9283943,6924
2315.9459094000003,6927
2316.9557675,6930
2317.9635931000003,6933
2318.9796759,6936
2319.9825840000003,6940
2320.9817553000003,6942
2321.9860518,6946
2322.9790445000003,6948
2323.9839546000003,6952
2324.9796741,6954
2325.987809,6958
2327.0000626,6960
2328.0058830000003,6964
2329.0311034,6966
2330.0326428000003,6970
2331.0466210000004,6972
2332.0465829000004,6976
2333.0639983,6978
2334.0727236000002,6982
2335.0844667,6984
2336.107555,6988
2337.1008937,6990
2338.1213983000002,6994
2339.1426793,6996
2340.1475367000003,7000
2341.1541662000004,7002
2342.1593705,7006
2343.1884604,7009
2344.1963769000004,7012
2345.2020075,7015
2346.1947066000002,7018
2347.2034526,7021
2348.217093,7024
2349.2184355000004,7027
2350.2183279,7030
2351.2226621000004,7033
2352.2256098000003,7036
2353.2351581000003,7039
2354.2294608,7042
2355.2348786000002,7045
2356.238341,7048
2357.2480222000004,7051
2358.2477149,7054
2359.2555652,7057
2360.2626246000004,7060
2361.2670101000003,7063
2362.2858687000003,7066
2363.2967322000004,7069
2364.3157141,7072
2365.3098102000004,7075
2366.3127280000003,7078
2367.3126655,7081
2368.3157002000003,7084
2369.3086624000002,7087
2370.3255155,7090
2371.3256238000004,7093
2372.3198323,7096
2373.3278144,7099
2374.3283766000004,7102
2375.3345876000003,7105
2376.34439,7108
2377.3578337000004,7112
2378.3723393,7114
2379.3813405,7118
2380.3984083,7120
2381.4208114000003,7124
2382.4233955000004,7126
2383.4305469,7130
2384.433398,7132
2385.4374477,7136
2386.447689,7138
2387.4549163,7142
2388.4499071,7144
2389.4543574000004,7148
2390.4635062,7150
2391.4757992000004,7154
2392.485963,7156
2393.4876211,7160
2394.4915819000003,7162
2395.5151127000004,7166
2396.5099779,7168
2397.5260271,7172
2398.5489140000004,7175
2399.5522195000003,7178
2400.5596492000004,7181
2401.5583681000003,7184
2402.5623923000003,7187
2403.5764984,7190
2404.5787881,7193
2405.5779234,7196
2406.5773029,7199
2407.5813803,7202
2408.5805068000004,7205
2409.5947912,7208
2410.5946949000004,7211
2411.6075514000004,7214
2412.6064011000003,7217
2413.6066802,7220
2414.6094160000002,7223
2415.6265752000004,7226
2416.6254191000003,7229
2417.6219043,7232
2418.6244262,7235
2419.6277816,7238
2420.6355769,7241
2421.6561147,7244
2422.6607950000002,7247
2423.6791396000003,7250
2424.6802511,7253
2425.6970706,7256
2426.7000444,7259
2427.7044043,7262
2428.7049802,7265
2429.7207226,7268
2430.7247513,7271
2431.7455994,7274
2432.7544494000003,7277
2433.7766664,7280
2434.7819692000003,7283
2435.7753584,7286
2436.7818519,7289
2437.7737132,7292
2438.7853776,7295
2439.7919207000004,7298
2440.7992078,7301
2441.8016387000002,7304
2442.8156967000004,7308
2443.8204378,7310
2444.8304588,7314
2445.829055,7316
2446.8292484000003,7320
2447.8367697000003,7322
2448.852987,7326
2449.8607567000004,7329
2450.8592815,7332
2451.8593907000004,7335
2452.8597751,7338
2453.8597108000004,7341
2454.8613197000004,7344
2455.8619183,7347
2456.8663834000004,7350
2457.8754167,7353
2458.8710801,7356
2459.8893116000004,7359
2460.9054476,7362
2461.9208667000003,7365
2462.9366015,7368
2463.9503114000004,7371
2464.9549001,7374
2465.9537838,7377
2466.9447059000004,7380
2467.9699952,7383
2468.9697159,7386
2469.9713358000004,7389
2470.9727368000003,7392
2471.9973039,7396
2472.9927904,7398
2474.0148131,7402
2475.0334460000004,7404
2476.0425520000003,7408
2477.0494379,7410
2478.0603852000004,7414
2479.0790732,7416
2480.0905259,7420
2481.1112207,7422
2482.1255941000004,7426
2483.1184036000004,7428
2484.1418403000002,7432
2485.1416488000004,7434
2486.1584807000004,7438
2487.1505879,7440
2488.1732917000004,7444
2489.1811154,7447
2490.2005109,7450
2491.2023502,7453
2492.2025902,7456
2493.2051988000003,7459
2494.1976274000003,7462
2495.2023157000003,7465
2496.2163471000003,7468
2497.2154964,7471
2498.2375077,7474
2499.2467408,7477
2500.2660312000003,7480
2501.2712695,7483
2502.2933039000004,7486
2503.3047731,7489
2504.3233402,7492
2505.3310666,7495
2506.3254668000004,7498
2507.3279678000004,7501
2508.3338459,7504
2509.3427005000003,7507
2510.3554247,7510
2511.3538301000003,7514
2512.3566475000002,7516
2513.3547873,7520
2514.3553819000003,7522
2515.3569328000003,7526
2516.3606268000003,7528
2517.3570965000004,7532
2518.3667326000004,7534
2519.3856729000004,7538
2520.392534,7540
2521.3895021000003,7544
2522.4057500000004,7546
2523.4076366000004,7550
2524.4235242000004,7552
2525.4233590000003,7556
2526.4211472,7558
2527.4248959,7562
2528.4354862,7564
2529.4464113000004,7568
2530.4673389000004,7570
2531.4704885,7574
2532.4707738,7576
2533.4613862,7580
2534.4692273,7582
2535.4751073,7586
2536.4863342000003,7588
2537.488764,7592
2538.5076589,7594
2539.5245653,7598
2540.5220337,7601
2541.543603,7604
2542.5508103,7607
2543.5599995000002,7610
2544.5564251,7613
2545.5628487000004,7616
2546.5595303,7619
2547.5605325,7622
2548.5774742000003,7625
2549.5776994000003,7628
2550.5761689,7631
2551.5783060000003,7634
2552.5770851,7637
2553.5983369,7640
2554.6025331,7643
2555.6235879,7646
2556.6230594000003,7649
2557.6271083,7652
2558.6226431,7655
2559.6279739,7658
2560.6205670000004,7661
2561.6335723,7664
2562.6384581,7667
2563.6464374,7670
2564.6506091,7673
2565.6554704,7676
2566.6555031000003,7679
2567.6596188000003,7682
2568.6673205,7685
2569.6873913000004,7688
2570.7036613,7691
2571.6957723,7694
2572.7170459000004,7697
2573.7351199000004,7700
2574.7333669000004,7703
2575.7304435,7706
2576.7379079,7709
2577.7377963000004,7712
2578.7324492000002,7715
2579.7494867,7718
2580.7426288,7721
2581.7665969000004,7724
2582.7623573,7727
2583.7813507,7730
2584.7813090000004,7733
2585.7962466000004,7736
2586.8001552,7739
2587.8072386000003,7742
2588.8116175,7746
2589.8154049000004,7748
2590.8130413000004,7752
2591.8277403,7754
2592.8364238000004,7758
2593.8470784,7760
2594.8570492000003,7764
2595.8633583,7767
2596.8872965,7770
2597.8978724000003,7773
2598.9183744,7776
2599.9372249000003,7779
2600.928668,7782
2601.9537326000004,7785
2602.9603839,7788
2603.9828577000003,7792
2604.9833637,7794
2605.9862857000003,7798
2606.98959,7800
2608.0086571,7804
2609.0236710000004,7806
2610.0453858,7810
2611.0665944,7812
2612.0933912,7816
2613.0868002,7818
2614.0950158,7822
2615.0929318000003,7824
2616.1093657,7828
2617.1085618,7830
2618.1143188,7834
2619.1206156000003,7836
2620.1351309,7840
2621.1372978000004,7842
2622.1543138,7846
2623.1620123000002,7848
2624.1744040000003,7852
2625.1676755000003,7854
2626.1908041,7858
2627.2096986,7861
2628.235615,7864
2629.2429797000004,7867
2630.2662144,7870
2631.2684838,7873
2632.2714186000003,7876
2633.2860947000004,7879
2634.3114877000003,7882
2635.3175629,7885
2636.3251629,7888
2637.3240388000004,7891
2638.3253673000004,7894
2639.3281363,7897
2640.3274287000004,7900
2641.32954,7903
2642.3447781000004,7906
2643.3550429,7910
2644.3592155,7912
2645.3556696,7916
2646.3573805,7918
2647.3530475000002,7922
2648.35971,7924
2649.357293,7928
2650.3621376,7930
2651.3529494000004,7934
2652.357508,7936
2653.3570670000004,7940
2654.3647311000004,7942
2655.3775932000003,7946
2656.3821131000004,7948
2657.3902767000004,7952
2658.3905161000002,7954
2659.3895682,7958
2660.4076379000003,7960
2661.4153531,7964
2662.4331835000003,7966
2663.4393095,7970
2664.4296975,7972
2665.4374688000003,7976
2666.4425627,7978
2667.4494885000004,7982
2668.4612267,7984
2669.4653612,7988
2670.4744124000003,7990
2671.4868226000003,7994
2672.4843991000002,7996
2673.4917561,8000
2674.495213,8002
2675.5002599000004,8006
2676.5001302,8008
2677.5034281000003,8012
2678.5088370000003,8014
2679.5231564,8018
2680.5212704,8021
2681.5344271000004,8024
2682.5232830000004,8027
2683.5336613000004,8030
2684.5235389000004,8033
2685.5390226000004,8036
2686.5474089000004,8039
2687.5647971000003,8042
2688.5647141000004,8045
2689.5592849000004,8048
2690.5631273000004,8051
2691.5771575000003,8054
2692.5811296,8057
2693.5721541000003,8060
2694.5921209000003,8063
2695.6031739,8066
2696.6118699000003,8069
2697.6092987,8072
2698.6170914000004,8075
2699.6312171000004,8078
2700.6524703,8081
2701.658025,8084
2702.6629619,8087
2703.6689753,8090
2704.6733916000003,8093
2705.6885257000004,8096
2706.6932914000004,8099
2707.7171141000003,8102
2708.7204157,8105
2709.7350957000003,8108
2710.7263102,8111
2711.7344780000003,8114
2712.7305365,8117
2713.7335304000003,8120
2714.7313561,8123
2715.7504874,8126
2716.7559311,8129
2717.7644499000003,8132
2718.7664292000004,8135
2719.7741783,8138
2720.7770384,8141
2721.7831490000003,8144
2722.7817333000003,8147
2723.7962592000003,8150
2724.8012019000003,8153
2725.8240497,8156
2726.842152,8160
2727.8490863,8162
2728.8545164,8166
2729.8506675000003,8168
2730.8614468,8172
2731.8592559000003,8175
2732.8723329000004,8178
2733.8893832000003,8181
2734.908103,8184
2735.9101852000003,8187
2736.8981615000002,8190
2737.9073498000002,8193
2738.9064599000003,8196
2739.9203702000004,8199
2740.9180976000002,8202
2741.9393571,8205
2742.933405,8208
2743.9564399,8211
2744.9477871000004,8214
2745.9498837,8217
2746.9658087000003,8220
2747.9716121,8223
2748.9660533,8226
2749.9849538000003,8230
2750.9883782,8232
2752.0063257,8236
2753.0327453000004,8238
2754.0455588000004,8242
2755.0449333,8244
2756.0459776000002,8248
2757.0617500000003,8250
2758.0683026,8254
2759.0767185000004,8256
2760.0801208000003,8260
2761.072172,8262
2762.094382,8266
2763.1072555,8268
2764.1097430000004,8272
2765.1133151000004,8274
2766.1308723,8278
2767.1520207000003,8280
2768.161376,8284
2769.1670917,8286
2770.1870838000004,8290
2771.1828075000003,8293
2772.1962873,8296
2773.2054945000004,8299
2774.1969612000003,8302
2775.2100528,8305
2776.2320120000004,8308
2777.2293086000004,8311
2778.2374555,8314
2779.2465508,8317
2780.2519647000004,8320
2781.2604855000004,8323
2782.2806866,8326
2783.2843151,8329
2784.2741041000004,8332
2785.2772973,8335
2786.2772864000003,8338
2787.2832307000003,8341
2788.2795573000003,8344
2789.2854208000003,8347
2790.3078627000004,8350
2791.3132756000005,8353
2792.313517,8356
2793.3121708000003,8359
2794.3257844000004,8362
2795.3302939,8365
2796.3301288000002,8368
2797.3315245000003,8371
2798.337993,8374
2799.3440240000004,8377
2800.3601614000004,8380
2801.3567122000004,8384
2802.3594136,8386
2803.3530768,8390
2804.3555560000004,8392
2805.3573422000004,8396
2806.3582105,8398
2807.3575906,8402
2808.3503986,8404
2809.3574190000004,8408
2810.3629870000004,8410
2811.3740696000004,8414
2812.389242,8416
2813.3968954,8420
2814.3988207,8422
2815.4028291000004,8426
2816.4203455,8428
2817.4244876000002,8432
2818.4327376,8434
2819.4454417,8438
2820.4682871,8440
2821.4795011,8444
2822.4902619000004,8446
2823.5005960000003,8450
2824.5070501,8452
2825.5278447,8456
2826.5223469000002,8459
2827.5321875000004,8462
2828.5267479000004,8465
2829.5304316,8468
2830.5260072,8471
2831.5341424000003,8474
2832.5291347,8477
2833.535267,8480
2834.5584975,8483
2835.5653269000004,8486
2836.5621185000005,8489
2837.5775668,8492
2838.5793885000003,8495
2839.5810793,8498
2840.5862968,8501
2841.6087857,8504
2842.6241218,8507
2843.6227794,8510
2844.6257544,8513
2845.6228906,8516
2846.6269907,8519
2847.6363370000004,8522
2848.64219,8525
2849.6562113000005,8528
2850.654899,8531
2851.6573649,8534
2852.6604687000004,8537
2853.6717749000004,8540
2854.681124,8543
2855.6890024000004,8546
2856.6821347,8549
2857.6894032,8552
2858.6925228,8555
2859.7117179,8558
2860.7139321000004,8561
2861.7229741,8564
2862.7302377,8567
2863.7363063000003,8570
2864.7280154,8573
2865.7312815,8576
2866.7271102000004,8579
2867.7363495000004,8582
2868.7303183000004,8585
2869.7480818000004,8588
2870.7656673,8591
2871.7809361000004,8594
2872.7825022,8597
2873.7754442,8600
2874.7813185000005,8603
2875.7876083,8606
2876.8136250000002,8610
2877.8135264000002,8612
2878.8121871000003,8616
2879.8110083,8618
2880.8132593,8622
2881.8213760000003,8624
2882.8390897000004,8628
2883.8391341,8630
2884.8472522,8634
2885.8486247,8636
2886.8749339,8640
2887.8894645,8643
2888.9040312,8646
2889.9241700000002,8649
2890.9408217,8652
2891.9388071000003,8655
2892.9542775000004,8658
2893.9572379,8661
2894.9860723,8664
2895.9894670000003,8668
2896.9989854,8670
2898.0152779,8674
2899.0222367,8676
2900.0462137000004,8680
2901.0612312000003,8682
2902.0618547000004,8686
2903.0689774,8688
2904.0915459000003,8692
2905.0971668,8694
2906.1261414,8698
2907.1269664,8700
2908.1313357000004,8704
2909.1365473,8706
2910.1420852,8710
2911.13785,8712
2912.1399878,8716
2913.1380656,8718
2914.1531063,8722
2915.166592,8724
2916.1859811000004,8728
2917.1831934,8731
2918.1962929,8734
2919.2027631,8737
2920.2030076,8740
2921.2048122,8743
2922.1993771,8746
2923.203425,8749
2924.1957703000003,8752
2925.2053199,8755
2926.2011072,8758
2927.2114716,8761
2928.2317742,8764
2929.2285835000002,8767
2930.2468964000004,8770
2931.2552545000003,8773
2932.2823566,8776
2933.2760865,8779
2934.2820153000002,8782
2935.2851116,8785
2936.308039,8788
2937.3127977000004,8791
2938.3127321,8794
2939.3181007000003,8797
2940.3428708,8800
2941.3454984000005,8803
2942.3578398000004,8806
2943.3553522,8810
2944.3554941,8812
2945.3564358000003,8816
2946.3743047000003,8818
2947.373806,8822
2948.3801409000002,8824
2949.3938244,8828
2950.4050446,8830
2951.4130109000002,8834
2952.4356653000004,8836
2953.4600929000003,8840
2954.4877124000004,8842
2955.4791852000003,8846
2956.4899122,8848
2957.5095444000003,8852
2958.5098993,8854
2959.5319442,8858
2960.5245381000004,8861
2961.5317152000002,8864
2962.5209720000003,8867
2963.5270073,8870
2964.5213849,8873
2965.5336971,8876
2966.5354666000003,8879
2967.5438672,8882
2968.5394415,8885
2969.5645187,8888
2970.5659526000004,8891
2971.5919793000003,8894
2972.5928501000003,8897
2973.5918934,8900
2974.5937575000003,8903
2975.5989677000002,8906
2976.6230125,8909
2977.6275588000003,8912
2978.6190576000004,8915
2979.629996,8918
2980.6408066000004,8921
2981.6472664000003,8924
2982.6552196000002,8927
2983.6536099000004,8930
2984.6711293000003,8933
2985.68697,8936
2986.6898094000003,8939
2987.7028497,8942
2988.7080961,8945
2989.718737,8948
2990.7317981,8951
2991.7319005000004,8954
2992.7350826,8957
2993.7477673000003,8960
2994.7487081000004,8963
2995.7687416000003,8966
2996.7613170000004,8969
2997.7680697,8972
2998.7610737000005,8975
2999.7796783000003,8978
3000.7818498,8981
3001.771039,8984
3002.7950324000003,8987
3003.8118993000003,8990
3004.8147525000004,8994
3005.8151136,8996
3006.8136396000004,9000
3007.8203622,9002
3008.8366213000004,9006
3009.8481239000002,9008
3010.8751937,9012
3011.8891458000003,9015
3012.9070437,9018
3013.9137023000003,9021
3014.9367959,9024
3015.9516190000004,9027
3016.9548867000003,9030
3017.9630789000003,9033
3018.9851719000003,9036
3019.9831755,9040
3021.0007929000003,9042
3022.0008580000003,9046
3022.9909564000004,9048
3024.0024083000003,9052
3025.0078173,9054
3026.0228635000003,9058
3027.0309347,9060
3028.0360036,9064
3029.058332,9066
3030.0756952,9070
3031.0958702000003,9072
3032.1116586000003,9076
3033.1114245000003,9078
3034.118727,9082
3035.1320103000003,9084
3036.1528434,9088
3037.1934572,9090
3038.2159714000004,9094
3039.2132864,9097
3040.2322365,9100
3041.2348555000003,9103
3042.2521542000004,9106
3043.2599296000003,9109
3044.2621349,9112
3045.2650468,9115
3046.2809336,9118
3047.2807316000003,9121
3048.2832014,9124
3049.2842487000003,9127
3050.2768898000004,9130
3051.2826229,9133
3052.2813008000003,9136
3053.2817880000002,9139
3054.2957548000004,9142
3055.2981787000003,9145
3056.2899071,9148
3057.2921482,9151
3058.2956567,9154
3059.2979289000004,9157
3060.2869754000003,9160
3061.2930404000003,9163
3062.2970149000002,9166
3063.2962921000003,9169
3064.2986165,9172
3065.2956397000003,9175
3066.3120454000004,9178
3067.3107467000004,9181
3068.3268073000004,9184
3069.3290487000004,9187
3070.3318097,9190
3071.3425506000003,9193
3072.3359775000004,9196
3073.3416580000003,9199
3074.3366145000005,9202
3075.3403583000004,9205
3076.3459817000003,9208
3077.3426671,9211
3078.3591447000003,9214
3079.3567079000004,9218
3080.3602696000003,9220
3081.3564623,9224
3082.3599023,9226
3083.3567505,9230
3084.3635080000004,9232
3085.3868449,9236
3086.4103385000003,9238
3087.4292711000003,9242
3088.4343966,9244
3089.4377982,9248
3090.4383109,9250
3091.4394742000004,9254
3092.4358232000004,9256
3093.4360216,9260
3094.4400676,9262
3095.4389903,9266
3096.4421506000003,9268
3097.4617397,9272
3098.4679959,9274
3099.4699865000002,9278
3100.4839289,9280
3101.4919749,9284
3102.4991641,9286
3103.499315,9290
3104.5008152,9292
3105.5010086,9296
3106.5027356,9298
3107.5064199000003,9302
3108.5096500000004,9304
3109.5207926000003,9308
3110.5220127000002,9311
3111.5307425,9314
3112.5214799,9317
3113.5337922000003,9320
3114.5215385,9323
3115.535565,9326
3116.5456138000004,9329
3117.5546319,9332
3118.5659169,9335
3119.5596819,9338
3120.577713,9341
3121.5681860000004,9344
3122.5909033000003,9347
3123.5904928000004,9350
3124.5979294000003,9353
3125.6050697,9356
3126.6026451000002,9359
3127.6099268000003,9362
3128.613592,9365
3129.6222527000004,9368
3130.6378075000002,9371
3131.6337463000004,9374
3132.6419349000003,9377
3133.6414600000003,9380
3134.6466584000004,9383
3135.6610243,9386
3136.6805261000004,9389
3137.6848404,9392
3138.6813026000004,9395
3139.6837200000004,9398
3140.6855773,9401
3141.7034955000004,9404
3142.7056568000003,9407
3143.6976404,9410
3144.7016177,9413
3145.7019294,9416
3146.7059828,9419
3147.719668,9422
3148.7147762000004,9425
3149.7158772000003,9428
3150.7337468,9431
3151.7497276000004,9434
3152.7570786,9437
3153.7698248,9440
3154.7813408,9443
3155.7968918,9446
3156.8006339000003,9449
3157.8150176000004,9452
3158.8024331,9455
3159.8094909,9458
3160.8135039000003,9462
3161.8144380000003,9464
3162.8133434,9468
3163.8128076000003,9470
3164.8136010000003,9474
3165.8160343000004,9476
3166.837238,9480
3167.8601303,9483
3168.8588168,9486
3169.8604288,9489
3170.8688096,9492
3171.8918302,9495
3172.8998952,9498
3173.905651,9501
3174.9042185000003,9504
3175.9218521000003,9507
3176.9403229000004,9510
3177.9481576000003,9513
3178.9605920000004,9516
3179.9717279,9519
3180.9716468,9522
3181.9645365,9525
3182.970478,9528
3183.9733168000002,9531
3184.9833292000003,9534
3185.987321,9538
3186.9856872,9540
3187.9872357000004,9544
3188.9993076,9546
3190.0135885000004,9550
3191.0189448,9552
3192.0337173000003,9556
3193.0274209000004,9558
3194.0432308000004,9562
3195.0510185000003,9564
3196.0791877,9568
3197.0729959,9570
3198.0940679,9574
3199.0956689000004,9576
3200.1020766,9580
3201.108767,9582
3202.1091121000004,9586
3203.1143886000004,9588
3204.1436022000003,9592
3205.1550615,9594
3206.1614544000004,9598
3207.1828072000003,9601
3208.1986408000002,9604
3209.2026129,9607
3210.2047037,9610
3211.2136347,9613
3212.2294816000003,9616
3213.2388654,9619
3214.2588100000003,9622
3215.2616427000003,9625
3216.2666819,9628
3217.2739869,9631
3218.2939641000003,9634
3219.3002006,9637
3220.3098039,9640
3221.3159997000002,9643
3222.3266465,9646
3223.3299081,9649
3224.3325519,9652
3225.3550246000004,9656
3226.3645911000003,9658
3227.3765192,9662
3228.3827794000003,9664
3229.4022226,9668
3230.4052394,9670
3231.4070334000003,9674
3232.3978725,9676
3233.4078196,9680
3234.4076602,9682
3235.4066818,9686
3236.4117503,9688
3237.4208422,9692
3238.4223066000004,9694
3239.4208337,9698
3240.4387348,9700
3241.4445876000004,9704
3242.4510602,9706
3243.4677715000003,9710
3244.4822845000003,9712
3245.4965530000004,9716
3246.5056215000004,9718
3247.5247829000004,9722
3248.5222444,9725
3249.5330244,9728
3250.5239405,9731
3251.5294513000003,9734
3252.5251192,9737
3253.5346897000004,9740
3254.5524474000003,9743
3255.565476,9746
3256.5632158000003,9749
3257.5674349,9752
3258.5777138000003,9755
3259.5830237,9758
3260.6084806000003,9761
3261.6139998000003,9764
3262.6311172,9767
3263.6357121,9770
3264.6457026000003,9773
3265.6575557,9776
3266.6707968,9779
3267.6657485,9782
3268.6728627,9785
3269.6798375000003,9788
3270.6867268,9791
3271.7062548000004,9794
3272.6980122000004,9797
3273.7192051,9800
3274.7214552,9803
3275.7166404000004,9806
3276.7178332000003,9809
3277.7234472,9812
3278.7430977000004,9815
3279.7653960000002,9818
3280.7804450000003,9821
3281.7805357,9824
3282.7889384,9827
3283.8082481,9830
3284.8062608,9833
3285.8229813000003,9836
3286.8221362000004,9840
3287.8288429000004,9842
3288.8321895000004,9846
3289.8413336000003,9848
3290.8444569000003,9852
3291.8445244000004,9854
3292.8374797,9858
3293.8633390000005,9861
3294.8915594,9864
3295.9096706,9867
3296.9027582000003,9870
3297.9076387,9873
3298.9026624000003,9876
3299.9212113000003,9879
3300.9349448000003,9882
3301.9503512,9885
3302.9663109000003,9888
3303.9718148,9891
3304.9832768,9894
3305.9848384,9898
3306.9835233000003,9900
3307.9869335000003,9904
3308.9767743,9906
3309.9854754000003,9910
3310.9877228,9912
3312.0135461000004,9916
3313.0066098,9918
3314.0114613,9922
3315.0349616000003,9924
3316.0556119000003,9928
3317.0638788,9930
3318.0730941,9934
3319.0809526000003,9936
3320.0916099,9940
3321.0973493,9942
3322.1187037000004,9946
3323.1310413,9948
3324.1547732000004,9952
3325.1688520000002,9954
3326.1722559000004,9958
3327.1681197000003,9960
3328.1814698000003,9964
3329.1828314000004,9967
3330.2005794,9970
3331.2043903000003,9973
3332.2133505,9976
3333.2177244000004,9979
3334.2200038,9982
3335.2328366,9985
3336.246328,9988
3337.2498203,9991
3338.2404674000004,9994
3339.2474700000002,9997
3340.2536506,10000
3341.2668186,10003
3342.2826937000004,10006
3343.2834434,10009
3344.2774991,10012
3345.2847786,10015
3346.3098092,10018
3347.3129294,10021
3348.3207679,10024
3349.3334834,10027
3350.3390456,10030
3351.3564997000003,10034
3352.3545586,10036
3353.3551079000003,10040
3354.3495993,10042
3355.3604608,10046
3356.3592876000002,10048
3357.3618071,10052
3358.3505830000004,10054
3359.3611505000003,10058
3360.3597123000004,10060
3361.3604025000004,10064
3362.3698673000004,10066
3363.3845586,10070
3364.4041087,10072
3365.4128919000004,10076
3366.4370281,10078
3367.4422398,10082
3368.4484216,10084
3369.4541818000002,10088
3370.4548897000004,10090
3371.4683248,10094
3372.4654284000003,10096
3373.4823927,10100
3374.4872297,10102
3375.4986166000003,10106
3376.5101649000003,10108
3377.5303862,10112
3378.526738,10115
3379.5317542000003,10118
3380.5262515000004,10121
3381.5492606000003,10124
3382.5477016000004,10127
3383.5398200000004,10130
3384.6033395000004,10133
3385.6242247,10136
3386.6221318000003,10139
3387.6279028000004,10142
3388.6343505000004,10145
3389.6419186000003,10148
3390.6462358000003,10151
3391.6563165000002,10154
3392.6572667,10157
3393.6508575000003,10160
3394.6553375000003,10163
3395.6709432000002,10166
3396.6693852000003,10169
3397.6866462000003,10172
3398.6854752000004,10175
3399.6908529,10178
3400.6856422,10181
3401.6865396000003,10184
3402.6894114,10187
3403.6816666000004,10190
3404.6862345000004,10193
3405.7014289000003,10196
3406.7035658000004,10199
3407.7024165000003,10202
3408.7027613,10205
3409.7062937,10208
3410.7143429000002,10211
3411.7223393000004,10214
3412.7386881,10217
3413.7496386000003,10220
3414.7496711000003,10223
3415.7654266000004,10226
3416.7722820000004,10229
3417.7801156,10232
3418.7865584,10235
3419.8102079,10238
3420.8026837,10241
3421.815958,10244
3422.8022634000004,10247
3423.8074346000003,10250
3424.8031705000003,10253
3425.8102292000003,10256
3426.8031537,10259
3427.8107642000004,10262
3428.8148653000003,10266
3429.8101826,10268
3430.8148699000003,10272
3431.8274816000003,10274
3432.8359599,10278
3433.8600692,10281
3434.8582251000003,10284
3435.8625529,10287
3436.864282,10290
3437.8877325000003,10293
3438.9029141,10296
3439.9262584000003,10299
3440.9410438000004,10302
3441.9663918,10305
3442.9606742,10308
3443.9644223,10311
3444.9695029000004,10314
3445.9719080000004,10317
3446.9854191000004,10320
3447.9822245,10324
3448.9794478000003,10326
3449.9809152000003,10330
3450.9887706000004,10332
3452.0115331,10336
3453.0337606000003,10338
3454.0434389,10342
3455.0612866,10344
3456.0610461,10348
3457.0528784000003,10350
3458.0588083000002,10354
3459.0530266,10356
3460.0702367000004,10360
3461.0883790000003,10362
3462.1034313,10366
3463.1089504,10368
3464.1160538000004,10372
3465.1399418,10374
3466.1564364,10378
3467.1686042,10380
3468.1761531,10384
3469.18242,10387
3470.2033186000003,10390
3471.1977234,10393
3472.1961005000003,10396
3473.2027581,10399
3474.2175660000003,10402
3475.2167691000004,10405
3476.2333896,10408
3477.2333539,10411
3478.2366899000003,10414
3479.2412750000003,10417
3480.2487006,10420
3481.2521438000003,10423
3482.2505268000004,10426
3483.2491843000003,10429
3484.2613743,10432
3485.2654117,10435
3486.2814616,10438
3487.2979286000004,10441
3488.3140489,10444
3489.3074009,10447
3490.3082440000003,10450
3491.3131465,10453
3492.31943,10456
3493.3289038000003,10459
3494.319303,10462
3495.3291885000003,10465
3496.3315705,10468
3497.3362949,10471
3498.3572722000004,10474
3499.353786,10478
3500.3748637000003,10480
3501.3750089,10484
3502.3920529,10486
3503.3983985000004,10490
3504.4055862,10492
3505.4164118000003,10496
3506.4331583000003,10498
3507.4363496,10502
3508.4374758000004,10504
3509.4370492000003,10508
3510.4385619000004,10510
3511.4377788,10514
3512.4400791000003,10516
3513.4404348000003,10520
3514.4553916000004,10522
3515.463575,10526
3516.4713570000004,10528
3517.4752694000003,10532
3518.4814908000003,10534
3519.4851591,10538
3520.4911288000003,10540
3521.5003807000003,10544
3522.4913553,10546
3523.5128294,10550
3524.5227935000003,10553
3525.5243818000004,10556
3526.5236857000004,10559
3527.535687,10562
3528.5620378000003,10565
3529.5764348000002,10568
3530.5770525000003,10571
3531.5945258,10574
3532.6094485000003,10577
3533.6131773,10580
3534.608658,10583
3535.6145217000003,10586
3536.6223673000004,10589
3537.6269310000002,10592
3538.6179231,10595
3539.6251711000004,10598
3540.6222909000003,10601
3541.6265035,10604
3542.6162491,10607
3543.6333353,10610
3544.6393742,10613
3545.6435818000004,10616
3546.6395580000003,10619
3547.6413102,10622
3548.640119,10625
3549.6332805,10628
3550.6414237000004,10631
3551.6404112,10634
3552.6426129,10637
3553.6342386,10640
3554.6491824000004,10643
3555.6587756000004,10646
3556.6530885,10649
3557.6569375000004,10652
3558.6488109,10655
3559.6739327,10658
3560.6742434000003,10661
3561.6726062000002,10664
3562.6715419,10667
3563.6744514,10670
3564.7165084000003,10673
3565.724622,10676
3566.7332727000003,10679
3567.7518944000003,10682
3568.7453828000002,10685
3569.766732,10688
3570.7652427000003,10691
3571.7811203,10694
3572.7862896,10697
3573.7923838,10700
3574.7979239,10703
3575.7886743000004,10706
3576.7974629,10709
3577.8000879,10712
3578.8046576,10715
3579.8030628,10718
3580.8171375,10722
3581.8271343,10724
3582.8205850000004,10728
3583.827286,10730
3584.8181014,10734
3585.8231248,10736
3586.8199643000003,10740
3587.8442461000004,10742
3588.8474477000004,10746
3589.8608443000003,10749
3590.8585190000003,10752
3591.8617537,10755
3592.8562782000004,10758
3593.8603603,10761
3594.8790357000003,10764
3595.9001585,10767
3596.9066963,10770
3597.9117407000003,10773
3598.9213151000004,10776
3599.9408684,10779
3600.9594175,10782
3601.9883581000004,10786
3603.0140211000003,10788
3604.0298957000005,10792
3605.0311023000004,10794
